{"name":"FallbackIntent","identifier":"FALLBCKINT","description":"Intención predeterminada cuando no coincide ninguna otra intención","parentIntentSignature":"AMAZON.FallbackIntent","sampleUtterances":null,"intentConfirmationSetting":null,"intentClosingSetting":{"isActive":true,"closingResponse":{"messageGroupsList":[{"message":{"imageResponseCard":null,"ssmlMessage":null,"customPayload":null,"plainTextMessage":{"value":"Gracias"}},"variations":null}],"allowInterrupt":true},"nextStep":{"intent":{"name":null,"slots":null},"dialogAction":{"type":"EndConversation","slotToElicit":null,"suppressNextMessage":null},"sessionAttributes":null}},"initialResponseSetting":{"initialResponse":{"messageGroupsList":[{"message":{"imageResponseCard":null,"ssmlMessage":null,"customPayload":null,"plainTextMessage":{"value":"Lo siento, no logro entender su pedido."}},"variations":null}],"allowInterrupt":true},"codeHook":{"isActive":true,"postCodeHookSpecification":{"failureResponse":null,"failureNextStep":{"intent":null,"dialogAction":{"type":"EndConversation","slotToElicit":null,"suppressNextMessage":null},"sessionAttributes":null},"failureConditional":null,"successNextStep":{"intent":{"name":null,"slots":null},"dialogAction":{"type":"CloseIntent","slotToElicit":null,"suppressNextMessage":null},"sessionAttributes":null},"successResponse":null,"timeoutResponse":null,"successConditional":null,"timeoutNextStep":{"intent":null,"dialogAction":{"type":"EndConversation","slotToElicit":null,"suppressNextMessage":null},"sessionAttributes":null},"timeoutConditional":null},"enableCodeHookInvocation":true,"invocationLabel":null},"conditional":null,"nextStep":{"intent":null,"dialogAction":{"type":"InvokeDialogCodeHook","slotToElicit":null,"suppressNextMessage":null},"sessionAttributes":null}},"inputContexts":null,"outputContexts":null,"kendraConfiguration":null,"dialogCodeHook":null,"fulfillmentCodeHook":null,"slotPriorities":[]}