{"name":"LoginIntent","identifier":"CZ60E6VCR3","description":null,"parentIntentSignature":null,"sampleUtterances":[{"utterance":"hola"},{"utterance":"hello"},{"utterance":"hi"},{"utterance":"Buenos días"},{"utterance":"Buenas tardes"}],"intentConfirmationSetting":null,"intentClosingSetting":{"isActive":false,"closingResponse":null,"nextStep":{"intent":{"name":"CubiertaPoliza","slots":null},"dialogAction":{"type":"StartIntent","slotToElicit":null,"suppressNextMessage":null},"sessionAttributes":null}},"initialResponseSetting":{"initialResponse":{"messageGroupsList":[{"message":{"imageResponseCard":null,"ssmlMessage":null,"customPayload":null,"plainTextMessage":{"value":"Gracias por comunicarte con nosotros."}},"variations":null}],"allowInterrupt":true},"codeHook":{"isActive":true,"postCodeHookSpecification":{"failureResponse":null,"failureNextStep":{"intent":{"name":null,"slots":null},"dialogAction":{"type":"EndConversation","slotToElicit":null,"suppressNextMessage":null},"sessionAttributes":null},"failureConditional":null,"successNextStep":{"intent":{"name":null,"slots":null},"dialogAction":{"type":"ElicitSlot","slotToElicit":"FirstName","suppressNextMessage":null},"sessionAttributes":null},"successResponse":null,"timeoutResponse":null,"successConditional":null,"timeoutNextStep":{"intent":{"name":null,"slots":null},"dialogAction":{"type":"EndConversation","slotToElicit":null,"suppressNextMessage":null},"sessionAttributes":null},"timeoutConditional":null},"enableCodeHookInvocation":true,"invocationLabel":null},"conditional":null,"nextStep":{"intent":{"name":null,"slots":null},"dialogAction":{"type":"InvokeDialogCodeHook","slotToElicit":null,"suppressNextMessage":null},"sessionAttributes":null}},"inputContexts":null,"outputContexts":null,"kendraConfiguration":null,"dialogCodeHook":null,"fulfillmentCodeHook":null,"slotPriorities":[{"priority":1,"slotName":"FirstName"},{"priority":2,"slotName":"LastName"},{"priority":3,"slotName":"ContractNumber"}]}